Name,ImageURL,Link1,Link2,Link3,Link4,Link5,Link6,Link7,Link8,Link9,Link10,Link11,Link12,Link13,Link14,Link15,Link16,Link17,Link18,Link19,Link20,Link21,Link22,Link23,Link24
Jay Cutler,,https://en.wikipedia.org/wiki/Jay_Cutler,https://www.espn.com/nfl/player/_/id/9597/jay-cutler,https://podcasts.apple.com/us/podcast/uncut-with-jay-cutler/id1581842688,https://www.youtube.com/channel/UCzO91i-LxXgh_FKku4zhZJg,,,,,,,,,,,,,,,,,,,,
Adam Duvall,,https://baseballsavant.mlb.com/savant-player/adam-duvall-594807?stats=statcast-r-hitting-mlb,https://en.wikipedia.org/wiki/Adam_Duvall,https://www.mlb.com/player/adam-duvall-594807,https://www.espn.com/mlb/player/_/id/32664/adam-duvall,,,,,,,,,,,,,,,,,,,,
Garrett Mitchell,,https://baseballsavant.mlb.com/savant-player/garrett-mitchell-669003?stats=statcast-r-hitting-mlb,https://www.mlb.com/player/garrett-mitchell-669003,https://www.instagram.com/garrettmitchell5/?hl=en,https://uclabruins.com/sports/baseball/roster/garrett-mitchell/9549,https://www.espn.com/mlb/player/_/id/4313442/garrett-mitchell,,,,,,,,,,,,,,,,,,,
Mason Miller,https://img.mlbstatic.com/mlb-photos/image/upload/v1/people/695243/action/hero/current.png,https://baseballsavant.mlb.com/savant-player/mason-miller-695243?stats=statcast-r-pitching-mlb,https://www.mlb.com/player/mason-miller-695243,https://www.espn.com/mlb/player/_/id/4730225/mason-miller,https://en.wikipedia.org/wiki/Mason_Miller,,,,,,,,,,,,,,,,,,,,
Mark Andrews,,https://www.nfl.com/players/mark-andrews/,https://www.espn.com/nfl/player/_/id/3116365/mark-andrews,https://en.wikipedia.org/wiki/Mark_Andrews_(American_football),https://www.instagram.com/mandrews/?hl=en,https://x.com/mandrews_81?lang=en,,,,,,,,,,,,,,,,,,,
Noah Gray,,https://en.wikipedia.org/wiki/Noah_Gray,https://www.espn.com/nfl/player/_/id/4240472/noah-gray,https://www.instagram.com/noahgray87/?hl=en,https://www.nfl.com/players/noah-gray/,,,,,,,,,,,,,,,,,,,,
Adonai Mitchell,,https://en.wikipedia.org/wiki/Adonai_Mitchell,https://www.espn.com/nfl/player/_/id/4597500/adonai-mitchell,https://texaslonghorns.com/sports/football/roster/adonai-mitchell/12575,https://www.colts.com/team/players-roster/adonai-mitchell/,https://www.instagram.com/mocitymitch/,https://x.com/mocitymitch?lang=en,,,,,,,,,,,,,,,,,,
Blake Ferguson,,https://en.wikipedia.org/wiki/Blake_Ferguson_(American_football),https://www.miamidolphins.com/team/players-roster/blake-ferguson/,,,,,,,,,,,,,,,,,,,,,,
Chad Muma,,https://en.wikipedia.org/wiki/Chad_Muma,https://www.espn.com/nfl/player/_/id/4361707/chad-muma,https://gowyo.com/sports/football/roster/chad-muma/6063,https://www.instagram.com/chad_muma/?hl=en,,,,,,,,,,,,,,,,,,,,
Chris Dudley,,https://en.wikipedia.org/wiki/Chris_Dudley,https://www.basketball-reference.com/players/d/dudlech02.html,https://www.chrisdudley.org/about-chris-dudley,https://www.espn.com/nba/player/_/id/213/chris-dudley,https://www.nba.com/stats/player/201/career,,,,,,,,,,,,,,,,,,,
Adam Morrison,,https://en.wikipedia.org/wiki/Adam_Morrison,https://x.com/adammorrison35?lang=en,https://www.basketball-reference.com/players/m/morriad01.html,https://www.espn.com/nba/player/_/id/3016/adam-morrison,https://podcasts.apple.com/us/podcast/the-perimeter-with-adam-morrison/id1560235956,,,,,,,,,,,,,,,,,,,
Gary Forbes,,https://en.wikipedia.org/wiki/Gary_Forbes,https://www.basketball-reference.com/players/f/forbega01.html,https://www.instagram.com/garyforbes_/?hl=en,,,,,,,,,,,,,,,,,,,,,
Austin Freeman,,https://en.wikipedia.org/wiki/Austin_Freeman,https://www.espn.com/mens-college-basketball/player/_/id/36588/austin-freeman,https://guhoyas.com/sports/mens-basketball/roster/austin-freeman/594,https://www.instagram.com/_sugarfree5/,https://morganstatebears.com/staff-directory/austin-freeman/405,,,,,,,,,,,,,,,,,,,
Jason Johnson,,https://baseballsavant.mlb.com/savant-player/jason-johnson-116595,,,,,,,,,,,,,,,,,,,,,,,
Brandon Morrow,,https://baseballsavant.mlb.com/savant-player/brandon-morrow-453344?stats=statcast-r-pitching-mlb,,,,,,,,,,,,,,,,,,,,,,,
Luke Kunin,,https://en.wikipedia.org/wiki/Luke_Kunin,https://www.nhl.com/sharks/player/luke-kunin-8479316,https://www.espn.com/nhl/player/_/id/4024933/luke-kunin,,,,,,,,,,,,,,,,,,,,,
Max Domi,,https://en.wikipedia.org/wiki/Max_Domi,https://www.nhl.com/mapleleafs/player/max-domi-8477503,https://www.espn.com/nhl/player/_/id/3042014/max-domi,https://www.instagram.com/max/?hl=en,https://www.instagram.com/inrangepodcast/?hl=en,https://x.com/maxdomi?lang=en,,,,,,,,,,,,,,,,,,
Kaapo Kakko,,https://en.wikipedia.org/wiki/Kaapo_Kakko,https://www.nhl.com/kraken/player/kaapo-kakko-8481554,,,,,,,,,,,,,,,,,,,,,,
Riley Tufte,,https://en.wikipedia.org/wiki/Riley_Tufte,https://www.nhl.com/bruins/player/riley-tufte-8479362,https://www.espn.com/nhl/player/_/id/4024985/riley-tufte,,,,,,,,,,,,,,,,,,,,,
Jordan Morris,,https://en.wikipedia.org/wiki/Jordan_Morris,https://www.mlssoccer.com/players/jordan-morris/,https://www.instagram.com/j.morris13/?hl=en,https://x.com/jmosmooth13?lang=en,https://www.ussoccer.com/players/m/jordan-morris,,,,,,,,,,,,,,,,,,,
Andy Rose,,https://en.wikipedia.org/wiki/Andy_Rose,https://www.soundersfc.com/club/coaches/andy-rose,,,,,,,,,,,,,,,,,,,,,,
Nacho Fernandez,,"https://en.wikipedia.org/wiki/Nacho_(footballer,_born_1990)",,,,,,,,,,,,,,,,,,,,,,,
Jake O'Brien,,,,,,,,,,,,,,,,,,,,,,,,,
Nick Jonas,,https://nickjonas.com/,https://en.wikipedia.org/wiki/Nick_Jonas,https://jonasbrothers.com/the-brands/beyond-type-1,https://www.instagram.com/nickjonas/?hl=en,https://www.youtube.com/channel/UCFvXnyAhluG3sa6p3eOs_LA,https://beyondtype1.org/nascar-driver-ryan-reed-joins-beyond-type-1-global-ambassador-council/,,,,,,,,,,,,,,,,,,
Bret Michaels,,https://www.bretmichaels.com/,https://en.wikipedia.org/wiki/Bret_Michaels,https://www.youtube.com/channel/UCtzjhx3zFbzDSMiv1OvUwLQ,,,,,,,,,,,,,,,,,,,,,
Lauren Cox,,https://www.breakthrought1d.org/news-and-updates/jdrf-spokesperson-lauren-cox-3-in-wnba-draft/,https://fever.wnba.com/news/lauren-cox-type-1-diabetes,https://beyondtype1.org/lauren-cox/,,,,,,,,,,,,,,,,,,,,,
Victor Garber,,https://beyondtype1.org/beyond-type-1s-council-member-victor-garber-talks-diabetes-daily/,https://beyondtype1.org/victor-garber-on-knowing-youre-not-alone/,https://en.wikipedia.org/wiki/Victor_Garber,,,,,,,,,,,,,,,,,,,,,
Brec Bassinger,,https://www.futureofpersonalhealth.com/diabetes/type-1-diabetes-empowers-me-to-do-something-bigger-than-myself/,https://www.breakthrought1d.org/celebrity-ambassadors/,https://en.wikipedia.org/wiki/Brec_Bassinger,,,,,,,,,,,,,,,,,,,,,
Austin Basis,,https://www.breakthrought1d.org/celebrity-ambassadors/,https://en.wikipedia.org/wiki/Austin_Basis,https://www.kinetixbooks.com/press-kits,,,,,,,,,,,,,,,,,,,,,
Charlie Kimball,,https://charliekimball.com/biography,https://www.charliekimball.com/,https://charliekimball.com/podcast,https://beyondtype1.org/charlie-kimball-interview/,https://en.wikipedia.org/wiki/Charlie_Kimball,,,,,,,,,,,,,,,,,,,
Ryan Reed,,https://beyondtype1.org/nascar-driver-ryan-reed-joins-beyond-type-1-global-ambassador-council/,https://www.breakthrought1d.org/celebrity-ambassadors/,https://en.wikipedia.org/wiki/Ryan_Reed,,,,,,,,,,,,,,,,,,,,,
Robin Arzon,,https://beyondtype1.org/robin-arzon-conquers-t1d-runs-marathons/,https://en.wikipedia.org/wiki/Robin_Arzon,https://diabetes-connections.com/forward-is-a-pace-peloton-instructor-robin-arzon-lives-with-t1d/,,,,,,,,,,,,,,,,,,,,,
Derek Theler,,https://beyondtype1.org/derek-theler-diabetes-warrior/,https://en.wikipedia.org/wiki/Derek_Theler,,,,,,,,,,,,,,,,,,,,,,
Jennifer Stone,,https://beyondtype1.org/jennifer-stone/,https://en.wikipedia.org/wiki/Jennifer_Stone,https://beyondtype1.org/community-table/,,,,,,,,,,,,,,,,,,,,,
Crystal Bowersox,,https://beyondtype1.org/nascar-driver-ryan-reed-joins-beyond-type-1-global-ambassador-council/,https://beyondtype1.org/managing-low-blood-sugars-on-tour/,https://beyondtype1.org/bike-beyond-pop-up-benefit-concert-in-nashville-tennessee/,https://en.wikipedia.org/wiki/Crystal_Bowersox,,,,,,,,,,,,,,,,,,,,
Rhea Norwood,,https://breakthrought1d.org.uk/news/rhea-norwood-becomes-new-ambassador-for-breakthrough-t1d/,https://en.wikipedia.org/wiki/Rhea_Norwood,,,,,,,,,,,,,,,,,,,,,,
JJ Spaun,,https://www.theopen.com/players/jj-spaun,https://www.pgatour.com/player/39324/j.j-spaun/latest,https://www.pgatour.com/article/news/beyond-the-ropes/2022/06/21/jj-spaun-support-diabetes-research-travelers-championship,https://www.breakthrought1d.org/news-and-updates/j-j-spaun-t1d-screening-monitoring/,https://en.wikipedia.org/wiki/J._J._Spaun,,,,,,,,,,,,,,,,,,,
Alexander Zverev,,https://idf.org/news-and-resources/news/idf-response-to-zverev-incident-at-french-open-2023/,https://www.alexanderzverevfoundation.com/,https://www.atptour.com/players/alexander-zverev/z355/bio,https://en.wikipedia.org/wiki/Alexander_Zverev,,,,,,,,,,,,,,,,,,,,
Gary Hall Jr.,,https://www.olympics.com/ioc/news/olympic-champion-gary-hall-junior-lifts-the-lid-on-succeeding-with-type-1-diabetes,https://diabetesresearchconnection.org/gary-hall-jr-t1d-olympic-journey/,https://en.wikipedia.org/wiki/Gary_Hall_Jr.,,,,,,,,,,,,,,,,,,,,,
Conor Daly,,https://www.indycar.com/news/2018/05/05-11-indycar-grand-prix-notebook,https://www.indycar.com/Drivers/Conor-Daly,https://en.wikipedia.org/wiki/Conor_Daly,,,,,,,,,,,,,,,,,,,,,
Eric Paslay,,https://magazine.medlineplus.gov/article/eric-paslay-doesnt-miss-a-note-living-with-type-1-diabetes/,https://beyondtype1.org/eric-paslay-interview/,https://en.wikipedia.org/wiki/Eric_Paslay,,,,,,,,,,,,,,,,,,,,,
Henry Slade,,https://www.englandrugby.com/follow/news-and-media/rugby-world-cup-my-story-henry-slade,https://www.diabetes.co.uk/celebrities/henry-slade.html,https://en.wikipedia.org/wiki/Henry_Slade,,,,,,,,,,,,,,,,,,,,,
Kris Freeman,,https://www.novonordisk-us.com/about/perspectives/diabetes-should-not-stop-us-from-going-for-gold.html,https://www.prnewswire.com/news-releases/us-cross-country-skier-kris-freeman-named-to-2014-olympic-team-241497621.html,https://en.wikipedia.org/wiki/Kris_Freeman,,,,,,,,,,,,,,,,,,,,,
Theresa May,,https://www.gov.uk/government/history/past-prime-ministers/theresa-may,https://www.gov.uk/government/news/diabetes-staff-and-charities-celebrated-at-downing-street-reception,https://en.wikipedia.org/wiki/Theresa_May,,,,,,,,,,,,,,,,,,,,,
